-- phpMyAdmin SQL Dump
-- version 4.7.0
-- https://www.phpmyadmin.net/
--
-- Host: 127.0.0.1
-- Generation Time: Nov 29, 2018 at 06:26 AM
-- Server version: 10.1.25-MariaDB
-- PHP Version: 5.6.31

SET SQL_MODE = "NO_AUTO_VALUE_ON_ZERO";
SET AUTOCOMMIT = 0;
START TRANSACTION;
SET time_zone = "+00:00";


/*!40101 SET @OLD_CHARACTER_SET_CLIENT=@@CHARACTER_SET_CLIENT */;
/*!40101 SET @OLD_CHARACTER_SET_RESULTS=@@CHARACTER_SET_RESULTS */;
/*!40101 SET @OLD_COLLATION_CONNECTION=@@COLLATION_CONNECTION */;
/*!40101 SET NAMES utf8mb4 */;

--
-- Database: `seveeen_bms`
--

-- --------------------------------------------------------

--
-- Table structure for table `bms_costs`
--

CREATE TABLE `bms_costs` (
  `cost_id` int(11) NOT NULL,
  `cost_product_id` int(11) NOT NULL,
  `cost_insurance_id` int(11) NOT NULL,
  `cost_value` int(11) NOT NULL,
  `cost_bus` int(11) NOT NULL,
  `cost_status` varchar(5) NOT NULL,
  `cost_date` timestamp NOT NULL DEFAULT CURRENT_TIMESTAMP ON UPDATE CURRENT_TIMESTAMP
) ENGINE=InnoDB DEFAULT CHARSET=latin1;

--
-- Dumping data for table `bms_costs`
--

INSERT INTO `bms_costs` (`cost_id`, `cost_product_id`, `cost_insurance_id`, `cost_value`, `cost_bus`, `cost_status`, `cost_date`) VALUES
(77, 133, 22, 200, 22, '', '2018-11-27 08:13:33'),
(78, 133, 23, 250, 22, '', '2018-11-27 08:13:33'),
(79, 133, 24, 300, 22, '', '2018-11-27 08:13:33'),
(80, 134, 22, 500, 22, '', '2018-11-27 08:14:27'),
(81, 134, 23, 550, 22, '', '2018-11-27 08:14:27'),
(82, 134, 24, 600, 22, '', '2018-11-27 08:14:27'),
(83, 135, 22, 700, 22, '', '2018-11-27 08:15:12'),
(84, 135, 23, 600, 22, '', '2018-11-27 08:15:12'),
(85, 135, 24, 800, 22, '', '2018-11-27 08:15:12'),
(86, 136, 22, 2000, 22, '', '2018-11-27 08:16:07'),
(87, 136, 23, 2000, 22, '', '2018-11-27 08:16:07'),
(88, 136, 24, 3000, 22, '', '2018-11-27 08:16:07'),
(89, 137, 22, 3500, 22, '', '2018-11-27 08:16:50'),
(90, 137, 23, 3000, 22, '', '2018-11-27 08:16:50'),
(91, 137, 24, 3500, 22, '', '2018-11-27 08:16:50'),
(92, 138, 22, 5000, 22, '', '2018-11-27 08:17:35'),
(93, 138, 23, 4000, 22, '', '2018-11-27 08:17:35'),
(94, 138, 24, 4500, 22, '', '2018-11-27 08:17:35'),
(95, 139, 22, 1500, 22, '', '2018-11-27 12:49:11'),
(96, 139, 23, 1000, 22, '', '2018-11-27 12:49:11'),
(97, 139, 24, 500, 22, '', '2018-11-27 12:49:11');

-- --------------------------------------------------------

--
-- Table structure for table `bms_expenses`
--

CREATE TABLE `bms_expenses` (
  `expense_id` int(255) NOT NULL,
  `expense_name` varchar(80) NOT NULL,
  `expense_price` int(10) NOT NULL,
  `expense_status` text NOT NULL,
  `bms_exp_bus` int(11) NOT NULL,
  `exp_sub` int(30) NOT NULL,
  `expense_date` timestamp NOT NULL DEFAULT CURRENT_TIMESTAMP
) ENGINE=InnoDB DEFAULT CHARSET=latin1;

-- --------------------------------------------------------

--
-- Table structure for table `bms_insurances`
--

CREATE TABLE `bms_insurances` (
  `insurance_id` int(11) NOT NULL,
  `insurance_name` varchar(30) NOT NULL,
  `insurance_bus` int(11) NOT NULL,
  `insurance_status` varchar(5) NOT NULL,
  `insurance_date` timestamp NOT NULL DEFAULT CURRENT_TIMESTAMP ON UPDATE CURRENT_TIMESTAMP
) ENGINE=InnoDB DEFAULT CHARSET=latin1;

--
-- Dumping data for table `bms_insurances`
--

INSERT INTO `bms_insurances` (`insurance_id`, `insurance_name`, `insurance_bus`, `insurance_status`, `insurance_date`) VALUES
(22, 'mmi', 22, 'E', '2018-11-27 08:12:06'),
(23, 'rssb', 22, 'E', '2018-11-27 08:12:20'),
(24, 'muttuelle', 22, 'E', '2018-11-27 08:12:33');

-- --------------------------------------------------------

--
-- Table structure for table `bms_products`
--

CREATE TABLE `bms_products` (
  `product_id` int(255) NOT NULL,
  `product_name` varchar(30) NOT NULL,
  `product_set_type` varchar(10) NOT NULL,
  `product_category` varchar(10) NOT NULL,
  `product_price` int(255) NOT NULL,
  `product_quantity` double NOT NULL,
  `product_set_quantity` int(255) NOT NULL,
  `pro_status` text NOT NULL,
  `bms_pr_bus` int(11) NOT NULL,
  `pro_sub` int(30) NOT NULL,
  `re_date` timestamp NOT NULL DEFAULT CURRENT_TIMESTAMP
) ENGINE=InnoDB DEFAULT CHARSET=latin1;

--
-- Dumping data for table `bms_products`
--

INSERT INTO `bms_products` (`product_id`, `product_name`, `product_set_type`, `product_category`, `product_price`, `product_quantity`, `product_set_quantity`, `pro_status`, `bms_pr_bus`, `pro_sub`, `re_date`) VALUES
(133, 'Palastamour', 'Set', 'Other', 500, 1135, 12, 'E', 22, 0, '2018-11-27 15:37:50'),
(134, 'Palacide', 'Set', 'Other', 700, 2894, 30, 'E', 22, 0, '2018-11-27 14:28:38'),
(135, 'Sonidium', 'Set', 'Other', 1200, 2207, 30, 'E', 22, 0, '2018-11-27 15:10:47'),
(136, 'Nathinium', 'Set', 'Other', 3000, 1966, 24, 'E', 22, 0, '2018-11-27 14:29:48'),
(137, 'Lanoque', 'Set', 'Other', 5000, 2809, 30, 'E', 22, 0, '2018-11-27 14:24:45'),
(138, 'Ithnmalouse', 'Unique', 'Other', 7000, 110, 0, 'E', 22, 0, '2018-11-27 13:19:33'),
(139, 'MTU', 'Set', 'Other', 2000, 183, 10, 'E', 22, 0, '2018-11-27 14:10:32');

-- --------------------------------------------------------

--
-- Table structure for table `bms_product_take_out`
--

CREATE TABLE `bms_product_take_out` (
  `ktout_id` int(255) NOT NULL,
  `ktout_product_id` int(255) NOT NULL,
  `ktout_product_quantity` double NOT NULL,
  `ktout_product_price` int(10) NOT NULL,
  `ktout_product_payed` varchar(255) NOT NULL,
  `product_creditor` varchar(30) NOT NULL,
  `ktout_product_status` text NOT NULL,
  `bms_kt_bus` int(11) NOT NULL,
  `ktout_sub` int(30) NOT NULL,
  `ktout_date` timestamp NOT NULL DEFAULT CURRENT_TIMESTAMP,
  `ktout_insurance` int(11) DEFAULT NULL
) ENGINE=InnoDB DEFAULT CHARSET=latin1;

--
-- Dumping data for table `bms_product_take_out`
--

INSERT INTO `bms_product_take_out` (`ktout_id`, `ktout_product_id`, `ktout_product_quantity`, `ktout_product_price`, `ktout_product_payed`, `product_creditor`, `ktout_product_status`, `bms_kt_bus`, `ktout_sub`, `ktout_date`, `ktout_insurance`) VALUES
(573, 133, 3, 500, '', '', 'out', 22, 0, '2018-11-27 08:20:34', 24),
(574, 135, 30, 1200, '', '', 'out', 22, 0, '2018-11-27 08:20:42', 0),
(575, 137, 2, 5000, '', '', 'out', 22, 0, '2018-11-27 08:20:51', 24),
(576, 134, 1, 700, '', '', 'out', 22, 0, '2018-11-27 08:25:23', 22),
(577, 136, 2, 3000, '', '', 'out', 22, 0, '2018-11-27 08:25:29', 22),
(578, 134, 1, 700, '', '', 'out', 22, 0, '2018-11-27 08:26:13', 22),
(579, 135, 1, 1200, '', '', 'out', 22, 0, '2018-11-27 08:26:18', 22),
(580, 134, 1, 700, '', '', 'out', 22, 0, '2018-11-27 08:26:36', 22),
(581, 135, 1, 1200, '', '', 'out', 22, 0, '2018-11-27 08:26:41', 22),
(582, 135, 2, 1200, '', '', 'out', 22, 0, '2018-11-27 08:26:50', 24),
(583, 136, 2, 3000, '', '', 'out', 22, 0, '2018-11-27 08:27:46', 22),
(584, 138, 1, 7000, '', '', 'out', 22, 0, '2018-11-27 08:27:51', 22),
(585, 135, 1, 1200, '', '', 'out', 22, 0, '2018-11-27 08:28:24', 22),
(586, 138, 1, 7000, '', '', 'out', 22, 0, '2018-11-27 08:28:30', 22),
(587, 137, 1, 5000, '', '', 'out', 22, 0, '2018-11-27 08:28:39', 23),
(588, 137, 2, 5000, '', '', 'out', 22, 0, '2018-11-27 08:29:13', 23),
(589, 136, 2, 3000, '', '', 'out', 22, 0, '2018-11-27 08:29:21', 23),
(590, 136, 2, 3000, '', '', 'out', 22, 0, '2018-11-27 08:30:30', 23),
(591, 135, 2, 1200, '', '', 'out', 22, 0, '2018-11-27 08:30:37', 22),
(592, 135, 60, 1200, '', '', 'out', 22, 0, '2018-11-27 08:30:44', 23),
(593, 135, 2, 1200, '', '', 'out', 22, 0, '2018-11-27 08:30:51', 0),
(594, 136, 2, 3000, '', '', 'out', 22, 0, '2018-11-27 08:32:47', 22),
(595, 136, 1, 3000, '', '', 'out', 22, 0, '2018-11-27 08:32:54', 23),
(596, 135, 1, 1200, '', '', 'out', 22, 0, '2018-11-27 08:33:56', 22),
(597, 133, 1, 500, '', '', 'out', 22, 0, '2018-11-27 08:35:11', 0),
(598, 137, 2, 5000, '', '', 'out', 22, 0, '2018-11-27 08:35:19', 23),
(599, 133, 12, 500, '', '', 'out', 22, 0, '2018-11-27 08:35:28', 23),
(600, 136, 24, 3000, '', '', 'out', 22, 0, '2018-11-27 08:35:40', 0),
(601, 138, 3, 7000, '', '', 'out', 22, 0, '2018-11-27 08:38:31', 23),
(602, 134, 3, 700, '', '', 'out', 22, 0, '2018-11-27 08:38:38', 0),
(603, 137, 1, 5000, '', '', 'out', 22, 0, '2018-11-27 08:40:02', 22),
(604, 135, 30, 1200, '', '', 'out', 22, 0, '2018-11-27 08:40:08', 23),
(605, 136, 1, 3000, '', '', 'out', 22, 0, '2018-11-27 08:41:11', 22),
(606, 135, 30, 1200, '', '', 'out', 22, 0, '2018-11-27 08:41:18', 24),
(607, 135, 1, 1200, '', '', 'out', 22, 0, '2018-11-27 08:41:56', 0),
(608, 136, 24, 3000, '', '', 'out', 22, 0, '2018-11-27 08:42:01', 0),
(609, 136, 48, 3000, '', '', 'out', 22, 0, '2018-11-27 08:42:10', 23),
(610, 135, 90, 1200, '', '', 'out', 22, 0, '2018-11-27 08:42:19', 0),
(611, 135, 2, 1200, '', '', 'out', 22, 0, '2018-11-27 08:44:01', 22),
(612, 136, 2, 3000, '', '', 'out', 22, 0, '2018-11-27 08:44:09', 0),
(613, 137, 2, 5000, '', '', 'out', 22, 0, '2018-11-27 08:46:47', 23),
(614, 136, 48, 3000, '', '', 'out', 22, 0, '2018-11-27 08:46:54', 24),
(615, 137, 2, 5000, '', '', 'out', 22, 0, '2018-11-27 08:47:09', 0),
(616, 135, 3, 1200, '', '', 'out', 22, 0, '2018-11-27 08:50:34', 24),
(617, 136, 5, 3000, '', '', 'out', 22, 0, '2018-11-27 08:50:42', 0),
(618, 133, 24, 500, '', '', 'out', 22, 0, '2018-11-27 08:50:51', 23),
(619, 137, 90, 5000, '', '', 'out', 22, 0, '2018-11-27 08:51:02', 0),
(620, 137, 1, 5000, '', '', 'out', 22, 0, '2018-11-27 08:55:45', 22),
(621, 136, 2, 3000, '', '', 'out', 22, 0, '2018-11-27 08:55:51', 24),
(622, 135, 2, 1200, '', '', 'out', 22, 0, '2018-11-27 08:55:58', 23),
(623, 136, 1, 3000, '', '', 'out', 22, 0, '2018-11-27 08:56:26', 22),
(624, 135, 1, 1200, '', '', 'out', 22, 0, '2018-11-27 08:57:04', 22),
(625, 133, 2, 500, '', '', 'out', 22, 0, '2018-11-27 08:57:11', 23),
(626, 137, 3, 5000, '', '', 'out', 22, 0, '2018-11-27 11:40:50', 24),
(627, 135, 60, 1200, '', '', 'out', 22, 0, '2018-11-27 11:40:57', 22),
(628, 136, 3, 3000, '', '', 'out', 22, 0, '2018-11-27 11:41:04', 0),
(629, 136, 48, 3000, '', '', 'out', 22, 0, '2018-11-27 11:41:16', 23),
(630, 135, 1, 1200, '', '', 'out', 22, 0, '2018-11-27 11:58:48', 22),
(631, 133, 1, 500, '', '', 'out', 22, 0, '2018-11-27 11:59:24', 0),
(632, 133, 1, 500, '', '', 'out', 22, 0, '2018-11-27 12:00:57', 0),
(633, 135, 2, 1200, '', '', 'out', 22, 0, '2018-11-27 12:01:13', 22),
(634, 135, 1, 1200, '', '', 'out', 22, 0, '2018-11-27 12:01:52', 22),
(635, 135, 1, 1200, '', '', 'out', 22, 0, '2018-11-27 12:02:07', 22),
(636, 133, 1, 500, '', '', 'out', 22, 0, '2018-11-27 12:02:30', 0),
(637, 133, 1, 500, '', '', 'out', 22, 0, '2018-11-27 12:03:06', 0),
(638, 133, 1, 500, '', '', 'out', 22, 0, '2018-11-27 12:03:29', 0),
(639, 134, 1, 700, '', '', 'out', 22, 0, '2018-11-27 12:03:46', 22),
(640, 138, 1, 7000, '', '', 'out', 22, 0, '2018-11-27 12:04:08', 22),
(641, 134, 1, 700, '', '', 'out', 22, 0, '2018-11-27 12:05:14', 22),
(642, 135, 1, 1200, '', '', 'out', 22, 0, '2018-11-27 12:05:36', 22),
(643, 135, 1, 1200, '', '', 'out', 22, 0, '2018-11-27 12:07:44', 22),
(644, 137, 1, 5000, '', '', 'out', 22, 0, '2018-11-27 12:08:09', 22),
(645, 137, 2, 5000, '', '', 'out', 22, 0, '2018-11-27 12:09:05', 22),
(646, 135, 2, 1200, '', '', 'out', 22, 0, '2018-11-27 12:09:26', 22),
(647, 134, 1, 700, '', '', 'out', 22, 0, '2018-11-27 12:09:58', 22),
(648, 136, 1, 3000, '', '', 'out', 22, 0, '2018-11-27 12:10:10', 22),
(649, 133, 1, 500, '', '', 'out', 22, 0, '2018-11-27 12:10:38', 0),
(650, 134, 1, 700, '', '', 'out', 22, 0, '2018-11-27 12:14:17', 22),
(651, 133, 1, 500, '', '', 'out', 22, 0, '2018-11-27 12:15:59', 0),
(652, 133, 1, 500, '', '', 'out', 22, 0, '2018-11-27 12:17:01', 0),
(653, 136, 1, 3000, '', '', 'out', 22, 0, '2018-11-27 12:20:32', 22),
(654, 135, 2, 1200, '', '', 'out', 22, 0, '2018-11-27 12:24:05', 22),
(655, 135, 1, 1200, '', '', 'out', 22, 0, '2018-11-27 12:26:03', 22),
(656, 135, 1, 1200, '', '', 'out', 22, 0, '2018-11-27 12:26:29', 22),
(657, 135, 1, 1200, '', '', 'out', 22, 0, '2018-11-27 12:28:27', 22),
(658, 133, 1, 500, '', '', 'out', 22, 0, '2018-11-27 12:28:57', 0),
(659, 133, 1, 500, '', '', 'out', 22, 0, '2018-11-27 12:31:00', 0),
(660, 135, 1, 1200, '', '', 'out', 22, 0, '2018-11-27 12:32:21', 22),
(661, 135, 1, 1200, '', '', 'out', 22, 0, '2018-11-27 12:32:45', 22),
(662, 136, 1, 3000, '', '', 'out', 22, 0, '2018-11-27 12:37:53', 22),
(663, 138, 1, 7000, '', '', 'out', 22, 0, '2018-11-27 12:39:09', 22),
(664, 135, 1, 1200, '', '', 'out', 22, 0, '2018-11-27 12:40:37', 22),
(665, 135, 21, 1200, '', '', 'out', 22, 0, '2018-11-27 12:40:49', 22),
(666, 137, 2, 5000, '', '', 'out', 22, 0, '2018-11-27 12:41:32', 22),
(667, 136, 1, 3000, '', '', 'out', 22, 0, '2018-11-27 12:42:19', 22),
(668, 136, 72, 3000, '', '', 'out', 22, 0, '2018-11-27 12:42:26', 24),
(669, 135, 5, 1200, '', '', 'out', 22, 0, '2018-11-27 12:42:34', 0),
(670, 135, 1, 1200, '', '', 'out', 22, 0, '2018-11-27 12:43:10', 22),
(671, 133, 1, 500, '', '', 'out', 22, 0, '2018-11-27 12:43:35', 0),
(672, 135, 1, 1200, '', '', 'out', 22, 0, '2018-11-27 12:43:48', 22),
(673, 136, 3, 3000, '', '', 'out', 22, 0, '2018-11-27 12:43:55', 0),
(674, 136, 2, 3000, '', '', 'out', 22, 0, '2018-11-27 12:44:03', 24),
(675, 137, 2, 5000, '', '', 'out', 22, 0, '2018-11-27 12:44:16', 0),
(676, 137, 30, 5000, '', '', 'out', 22, 0, '2018-11-27 12:44:23', 23),
(677, 136, 2, 3000, '', '', 'out', 22, 0, '2018-11-27 12:45:32', 22),
(678, 136, 2, 3000, '', '', 'out', 22, 0, '2018-11-27 12:45:43', 24),
(679, 136, 3, 3000, '', '', 'out', 22, 0, '2018-11-27 12:45:50', 24),
(680, 136, 1, 3000, '', '', 'out', 22, 0, '2018-11-27 12:45:59', 24),
(681, 136, 2, 3000, '', '', 'out', 22, 0, '2018-11-27 12:46:06', 0),
(682, 136, 1, 3000, '', '', 'out', 22, 0, '2018-11-27 12:46:29', 23),
(683, 136, 2, 3000, '', '', 'out', 22, 0, '2018-11-27 12:46:38', 22),
(684, 136, 1, 3000, '', '', 'out', 22, 0, '2018-11-27 12:46:47', 24),
(685, 136, 1, 3000, '', '', 'out', 22, 0, '2018-11-27 12:46:55', 0),
(686, 134, 1, 700, '', '', 'out', 22, 0, '2018-11-27 12:47:17', 22),
(687, 133, 1, 500, '', '', 'out', 22, 0, '2018-11-27 12:47:25', 23),
(688, 133, 1, 500, '', '', 'out', 22, 0, '2018-11-27 12:47:33', 24),
(689, 133, 1, 500, '', '', 'out', 22, 0, '2018-11-27 12:47:40', 24),
(690, 133, 1, 500, '', '', 'out', 22, 0, '2018-11-27 12:47:48', 0),
(691, 139, 2, 2000, '', '', 'out', 22, 0, '2018-11-27 12:50:12', 0),
(692, 139, 3, 2000, '', '', 'out', 22, 0, '2018-11-27 12:50:22', 22),
(693, 139, 3, 2000, '', '', 'out', 22, 0, '2018-11-27 12:50:33', 23),
(694, 139, 4, 2000, '', '', 'out', 22, 0, '2018-11-27 12:50:48', 24),
(695, 139, 4, 2000, '', '', 'out', 22, 0, '2018-11-27 12:50:59', 23),
(696, 134, 2, 700, '', '', 'out', 22, 0, '2018-11-27 12:56:20', 22),
(697, 137, 3, 5000, '', '', 'out', 22, 0, '2018-11-27 12:56:28', 24),
(698, 135, 60, 1200, '', '', 'out', 22, 0, '2018-11-27 12:56:40', 0),
(699, 134, 2, 700, '', '', 'out', 22, 0, '2018-11-27 13:04:19', 22),
(700, 135, 2, 1200, '', '', 'out', 22, 0, '2018-11-27 13:04:26', 22),
(701, 134, 4, 700, '', '', 'out', 22, 0, '2018-11-27 13:05:48', 22),
(702, 137, 30, 5000, '', '', 'out', 22, 0, '2018-11-27 13:05:57', 22),
(703, 136, 2, 3000, '', '', 'out', 22, 0, '2018-11-27 13:07:29', 22),
(704, 134, 2, 700, '', '', 'out', 22, 0, '2018-11-27 13:07:32', 22),
(705, 134, 4, 700, '', '', 'out', 22, 0, '2018-11-27 13:07:38', 24),
(706, 135, 1, 1200, '', '', 'out', 22, 0, '2018-11-27 13:07:59', 22),
(707, 137, 2, 5000, '', '', 'out', 22, 0, '2018-11-27 13:08:02', 22),
(708, 136, 2, 3000, '', '', 'out', 22, 0, '2018-11-27 13:08:06', 22),
(709, 137, 2, 5000, '', '', 'out', 22, 0, '2018-11-27 13:11:42', 22),
(710, 137, 2, 5000, '', '', 'out', 22, 0, '2018-11-27 13:11:45', 22),
(711, 137, 2, 5000, '', '', 'out', 22, 0, '2018-11-27 13:11:50', 22),
(712, 135, 1, 1200, '', '', 'out', 22, 0, '2018-11-27 13:12:03', 22),
(713, 136, 2, 3000, '', '', 'out', 22, 0, '2018-11-27 13:12:16', 22),
(714, 135, 1, 1200, '', '', 'out', 22, 0, '2018-11-27 13:12:29', 22),
(715, 135, 1, 1200, '', '', 'out', 22, 0, '2018-11-27 13:15:06', 22),
(716, 134, 2, 700, '', '', 'out', 22, 0, '2018-11-27 13:15:30', 22),
(717, 135, 2, 1200, '', '', 'out', 22, 0, '2018-11-27 13:15:45', 22),
(718, 136, 2, 3000, '', '', 'out', 22, 0, '2018-11-27 13:15:57', 22),
(719, 134, 2, 700, '', '', 'out', 22, 0, '2018-11-27 13:16:07', 22),
(720, 135, 1, 1200, '', '', 'out', 22, 0, '2018-11-27 13:16:58', 22),
(721, 134, 1, 700, '', '', 'out', 22, 0, '2018-11-27 13:17:25', 22),
(722, 136, 1, 3000, '', '', 'out', 22, 0, '2018-11-27 13:17:31', 22),
(723, 138, 1, 7000, '', '', 'out', 22, 0, '2018-11-27 13:17:34', 22),
(724, 138, 1, 7000, '', '', 'out', 22, 0, '2018-11-27 13:17:41', 22),
(725, 135, 1, 1200, '', '', 'out', 22, 0, '2018-11-27 13:18:07', 22),
(726, 135, 1, 1200, '', '', 'out', 22, 0, '2018-11-27 13:18:38', 22),
(727, 134, 1, 700, '', '', 'out', 22, 0, '2018-11-27 13:18:44', 22),
(728, 135, 1, 1200, '', '', 'out', 22, 0, '2018-11-27 13:19:21', 22),
(729, 137, 1, 5000, '', '', 'out', 22, 0, '2018-11-27 13:19:29', 22),
(730, 138, 1, 7000, '', '', 'out', 22, 0, '2018-11-27 13:19:33', 22),
(731, 133, 1, 500, '', '', 'out', 22, 0, '2018-11-27 13:19:52', 0),
(732, 136, 1, 3000, '', '', 'out', 22, 0, '2018-11-27 13:20:08', 22),
(733, 136, 1, 3000, '', '', 'out', 22, 0, '2018-11-27 13:20:11', 22),
(734, 137, 1, 5000, '', '', 'out', 22, 0, '2018-11-27 13:20:16', 22),
(735, 135, 1, 1200, '', '', 'out', 22, 0, '2018-11-27 13:20:19', 22),
(736, 134, 2, 700, '', '', 'out', 22, 0, '2018-11-27 13:22:34', 22),
(737, 134, 1, 700, '', '', 'out', 22, 0, '2018-11-27 13:25:00', 22),
(738, 135, 1, 1200, '', '', 'out', 22, 0, '2018-11-27 13:26:25', 22),
(739, 134, 1, 700, '', '', 'out', 22, 0, '2018-11-27 13:29:16', 22),
(740, 136, 1, 3000, '', '', 'out', 22, 0, '2018-11-27 13:30:21', 22),
(741, 136, 72, 3000, '', '', 'out', 22, 0, '2018-11-27 13:30:29', 22),
(742, 135, 1, 1200, '', '', 'out', 22, 0, '2018-11-27 13:34:07', 22),
(743, 134, 2, 700, '', '', 'out', 22, 0, '2018-11-27 13:34:22', 22),
(744, 134, 60, 700, '', '', 'out', 22, 0, '2018-11-27 13:34:35', 22),
(745, 135, 1, 1200, '', '', 'out', 22, 0, '2018-11-27 13:35:37', 22),
(746, 136, 2, 3000, '', '', 'out', 22, 0, '2018-11-27 13:35:49', 23),
(747, 134, 1, 700, '', '', 'out', 22, 0, '2018-11-27 13:36:16', 22),
(748, 136, 24, 3000, '', '', 'out', 22, 0, '2018-11-27 13:36:23', 22),
(749, 136, 1, 3000, '', '', 'out', 22, 0, '2018-11-27 13:38:13', 22),
(750, 136, 1, 3000, '', '', 'out', 22, 0, '2018-11-27 13:40:29', 23),
(751, 134, 1, 700, '', '', 'out', 22, 0, '2018-11-27 13:41:06', 22),
(752, 135, 1, 1200, '', '', 'out', 22, 0, '2018-11-27 13:41:37', 22),
(753, 135, 1, 1200, '', '', 'out', 22, 0, '2018-11-27 13:57:09', 22),
(754, 134, 2, 700, '', '', 'out', 22, 0, '2018-11-27 14:03:02', 22),
(755, 136, 1, 3000, '', '', 'out', 22, 0, '2018-11-27 14:03:47', 22),
(756, 137, 1, 5000, '', '', 'out', 22, 0, '2018-11-27 14:05:05', 22),
(757, 133, 1, 500, '', '', 'out', 22, 0, '2018-11-27 14:05:41', 0),
(758, 137, 1, 5000, '', '', 'out', 22, 0, '2018-11-27 14:06:32', 22),
(759, 137, 1, 5000, '', '', 'out', 22, 0, '2018-11-27 14:08:44', 22),
(760, 136, 1, 3000, '', '', 'out', 22, 0, '2018-11-27 14:08:51', 22),
(761, 136, 1, 3000, '', '', 'out', 22, 0, '2018-11-27 14:09:54', 22),
(762, 139, 1, 2000, '', '', 'out', 22, 0, '2018-11-27 14:10:32', 22),
(763, 135, 3, 1200, '', '', 'out', 22, 0, '2018-11-27 14:10:37', 22),
(764, 135, 2, 1200, '', '', 'out', 22, 0, '2018-11-27 14:11:40', 22),
(765, 134, 4, 700, '', '', 'out', 22, 0, '2018-11-27 14:11:48', 22),
(766, 136, 1, 3000, '', '', 'out', 22, 0, '2018-11-27 14:13:30', 22),
(767, 135, 120, 1200, '', '', 'out', 22, 0, '2018-11-27 14:13:41', 22),
(768, 135, 1, 1200, '', '', 'out', 22, 0, '2018-11-27 14:14:20', 22),
(769, 133, 5, 500, '', '', 'out', 22, 0, '2018-11-27 14:17:41', 0),
(770, 135, 3, 1200, '', '', 'out', 22, 0, '2018-11-27 14:18:57', 23),
(771, 135, 2, 1200, '', '', 'out', 22, 0, '2018-11-27 14:19:05', 24),
(772, 135, 5, 1200, '', '', 'out', 22, 0, '2018-11-27 14:19:14', 0),
(773, 135, 180, 1200, '', '', 'out', 22, 0, '2018-11-27 14:19:21', 0),
(774, 136, 2, 3000, '', '', 'out', 22, 0, '2018-11-27 14:22:00', 22),
(775, 135, 2, 1200, '', '', 'out', 22, 0, '2018-11-27 14:22:06', 22),
(776, 135, 2, 1200, '', '', 'out', 22, 0, '2018-11-27 14:23:50', 22),
(777, 137, 2, 5000, '', '', 'out', 22, 0, '2018-11-27 14:24:45', 22),
(778, 134, 1, 700, '', '', 'out', 22, 0, '2018-11-27 14:28:38', 22),
(779, 136, 2, 3000, '', '', 'out', 22, 0, '2018-11-27 14:29:15', 22),
(780, 136, 1, 3000, '', '', 'out', 22, 0, '2018-11-27 14:29:48', 22),
(781, 135, 1, 1200, '', '', 'out', 22, 0, '2018-11-27 15:00:35', 22),
(782, 135, 30, 1200, '', '', 'out', 22, 0, '2018-11-27 15:10:47', 22),
(783, 133, 1, 500, '', '', 'out', 22, 0, '2018-11-27 15:37:50', 0);

-- --------------------------------------------------------

--
-- Table structure for table `bms_spr_relate`
--

CREATE TABLE `bms_spr_relate` (
  `spr_relate_id` int(11) NOT NULL,
  `spr_relate_spr` int(11) NOT NULL,
  `spr_relate_sub_comp` int(11) NOT NULL,
  `spr_relate_status` text NOT NULL,
  `spr_relate_date` timestamp NOT NULL DEFAULT CURRENT_TIMESTAMP
) ENGINE=InnoDB DEFAULT CHARSET=latin1;

-- --------------------------------------------------------

--
-- Table structure for table `bms_sub_users`
--

CREATE TABLE `bms_sub_users` (
  `sub_id` int(255) NOT NULL,
  `sub_full_name` varchar(30) NOT NULL,
  `sub_user_name` varchar(30) NOT NULL,
  `sub_password` varchar(30) NOT NULL,
  `sub_bus_id` int(255) NOT NULL,
  `sub_status` text NOT NULL,
  `sub_date` timestamp NOT NULL DEFAULT CURRENT_TIMESTAMP
) ENGINE=InnoDB DEFAULT CHARSET=latin1;

--
-- Dumping data for table `bms_sub_users`
--

INSERT INTO `bms_sub_users` (`sub_id`, `sub_full_name`, `sub_user_name`, `sub_password`, `sub_bus_id`, `sub_status`, `sub_date`) VALUES
(1, 'MUKUNDWA Anne Marie', 'Mukundwa', 'mukundwa123', 17, 'E', '2018-10-09 19:52:54'),
(2, 'IGIHOZO Didier', 'igihozo', '123456789', 16, 'E', '2018-11-26 07:03:54');

-- --------------------------------------------------------

--
-- Table structure for table `bms_users`
--

CREATE TABLE `bms_users` (
  `user_id` int(255) NOT NULL,
  `bms_usr_full_name` varchar(255) NOT NULL,
  `user_name` varchar(50) NOT NULL,
  `user_pass` varchar(30) NOT NULL,
  `user_status` text NOT NULL,
  `user_date` timestamp NOT NULL DEFAULT CURRENT_TIMESTAMP
) ENGINE=InnoDB DEFAULT CHARSET=latin1;

--
-- Dumping data for table `bms_users`
--

INSERT INTO `bms_users` (`user_id`, `bms_usr_full_name`, `user_name`, `user_pass`, `user_status`, `user_date`) VALUES
(21, 'Seveeen Ltd', 'Seveeen', 'Seveeen123', 'A', '2018-11-27 08:09:19'),
(22, 'Bright Supermarket', 'test', '123test123', 'E', '2018-11-27 08:10:28'),
(23, 'RYAF Group', 'ryaf', '123ryaf123', 'Spr', '2018-11-27 08:11:08');

--
-- Indexes for dumped tables
--

--
-- Indexes for table `bms_costs`
--
ALTER TABLE `bms_costs`
  ADD PRIMARY KEY (`cost_id`);

--
-- Indexes for table `bms_expenses`
--
ALTER TABLE `bms_expenses`
  ADD PRIMARY KEY (`expense_id`);

--
-- Indexes for table `bms_insurances`
--
ALTER TABLE `bms_insurances`
  ADD PRIMARY KEY (`insurance_id`);

--
-- Indexes for table `bms_products`
--
ALTER TABLE `bms_products`
  ADD PRIMARY KEY (`product_id`);

--
-- Indexes for table `bms_product_take_out`
--
ALTER TABLE `bms_product_take_out`
  ADD PRIMARY KEY (`ktout_id`);

--
-- Indexes for table `bms_spr_relate`
--
ALTER TABLE `bms_spr_relate`
  ADD PRIMARY KEY (`spr_relate_id`);

--
-- Indexes for table `bms_sub_users`
--
ALTER TABLE `bms_sub_users`
  ADD PRIMARY KEY (`sub_id`);

--
-- Indexes for table `bms_users`
--
ALTER TABLE `bms_users`
  ADD PRIMARY KEY (`user_id`);

--
-- AUTO_INCREMENT for dumped tables
--

--
-- AUTO_INCREMENT for table `bms_costs`
--
ALTER TABLE `bms_costs`
  MODIFY `cost_id` int(11) NOT NULL AUTO_INCREMENT, AUTO_INCREMENT=98;
--
-- AUTO_INCREMENT for table `bms_expenses`
--
ALTER TABLE `bms_expenses`
  MODIFY `expense_id` int(255) NOT NULL AUTO_INCREMENT;
--
-- AUTO_INCREMENT for table `bms_insurances`
--
ALTER TABLE `bms_insurances`
  MODIFY `insurance_id` int(11) NOT NULL AUTO_INCREMENT, AUTO_INCREMENT=25;
--
-- AUTO_INCREMENT for table `bms_products`
--
ALTER TABLE `bms_products`
  MODIFY `product_id` int(255) NOT NULL AUTO_INCREMENT, AUTO_INCREMENT=140;
--
-- AUTO_INCREMENT for table `bms_product_take_out`
--
ALTER TABLE `bms_product_take_out`
  MODIFY `ktout_id` int(255) NOT NULL AUTO_INCREMENT, AUTO_INCREMENT=784;
--
-- AUTO_INCREMENT for table `bms_spr_relate`
--
ALTER TABLE `bms_spr_relate`
  MODIFY `spr_relate_id` int(11) NOT NULL AUTO_INCREMENT;
--
-- AUTO_INCREMENT for table `bms_sub_users`
--
ALTER TABLE `bms_sub_users`
  MODIFY `sub_id` int(255) NOT NULL AUTO_INCREMENT, AUTO_INCREMENT=3;
--
-- AUTO_INCREMENT for table `bms_users`
--
ALTER TABLE `bms_users`
  MODIFY `user_id` int(255) NOT NULL AUTO_INCREMENT, AUTO_INCREMENT=24;COMMIT;

/*!40101 SET CHARACTER_SET_CLIENT=@OLD_CHARACTER_SET_CLIENT */;
/*!40101 SET CHARACTER_SET_RESULTS=@OLD_CHARACTER_SET_RESULTS */;
/*!40101 SET COLLATION_CONNECTION=@OLD_COLLATION_CONNECTION */;
